layer,cluster,name,n,coassign_mean_seeds,coassign_min_seeds,coassign_mean_subsamples,coassign_min_subsamples,n_runs_subsamples
0,0,Frosh 101 Residence Seminars,22,0.9909090909090909,0.9090909090909091,1.0,1.0,10
0,1,Turkish Language Instruction,18,1.0,1.0,1.0,1.0,10
0,2,Intermediate Photography Practice And Theory,35,0.9771428571428572,0.9428571428571428,0.9152754342431763,0.3096774193548387,10
0,3,Intellectual Property Law,43,0.855924695459579,0.38205980066445183,0.9194793575370076,0.8238636363636364,10
0,4,South Asian Language Instruction,26,0.9307692307692308,0.3076923076923077,1.0,1.0,10
0,5,Multilevel Cantonese Conversation And Cantopop Culture,19,1.0,1.0,1.0,1.0,10
0,6,German Proficiency Sequences And Berlin Study,23,0.9913043478260869,0.9130434782608695,0.9894736842105264,0.8947368421052632,10
0,7,Francophone French Proficiency And Composition,26,1.0,1.0,0.9904761904761905,0.9047619047619048,10
0,8,Italian Proficiency And Florence Preparation,21,0.9047619047619048,0.9047619047619048,0.9303362573099415,0.875,10
0,9,Vietnamese and Khmer Language Sequences,12,1.0,1.0,1.0,1.0,10
0,10,Graduate East Asian Humanities Training,13,1.0,1.0,0.9,0.0,10
0,11,Arabic Language Proficiency Sequence,23,1.0,1.0,1.0,1.0,10
0,12,Modern Persian Language Instruction,12,1.0,1.0,1.0,1.0,10
0,13,Hybrid Distance Indigenous Language Sequences,32,0.8401209677419355,0.41935483870967744,0.9916666666666666,0.9166666666666666,10
0,14,Departmental CPT Degree Completion Requirements,18,0.8294117647058824,0.6928104575163399,0.8157956259426846,0.3076923076923077,10
0,15,"Filipino, Hawaiian, Samoan, Haitian Creole",19,0.9485380116959063,0.7953216374269005,0.8557352941176471,0.55,10
0,16,Multiyear Russian Ukrainian Romanian Proficiency,38,0.7596017069701281,0.4907539118065434,0.7245266100650352,0.5076923076923077,10
0,17,Beginning Polish Czech Hungarian Finnish,35,0.6805042016806723,0.2218487394957983,0.732193182163476,0.3226381461675579,10
0,18,Multiyear Japanese Language Culture Communication Sequence,58,0.7570477918935269,0.1306715063520871,0.797346020571209,0.10904255319148937,10
0,19,Korean Interpersonal Interpretive Presentational Proficiency Courses,24,0.927536231884058,0.6195652173913043,0.9888888888888889,0.8888888888888888,10
0,20,Voice Class and Vocal Pedagogy,27,0.9259259259259259,0.9259259259259259,0.9371844532279313,0.9,10
0,21,Terminal Graduate Registration Dissertation Courses,34,0.6181818181818183,0.23529411764705882,0.8315425315425315,0.41595441595441596,10
0,22,Private Applied Lessons For Music Majors,41,0.9658536585365853,0.9512195121951219,0.9488763516159153,0.7873015873015873,10
0,23,Multilevel Portuguese For Lusophone Contexts,11,0.9454545454545455,0.8181818181818182,0.8577777777777778,0.0,10
0,24,Chinese Language Proficiency Sequences,35,0.9218487394957983,0.33277310924369746,0.9569044205495819,0.77,10
0,25,Linguistics Research Training Seminars,13,0.8435897435897435,0.46153846153846156,0.8632400932400932,0.6545454545454545,10
0,26,Directed Reading And Independent Study,16,0.9133333333333333,0.7583333333333333,0.8694139194139193,0.7051282051282052,10
0,27,Igbo Twi Tigrinya Continuation Courses,13,0.7128205128205128,0.19230769230769232,0.8272144522144522,0.22727272727272727,10
0,28,Communicative Swahili Zulu Amharic Sequences,33,0.7179924242424243,0.14393939393939395,0.8491189033720399,0.3862433862433862,10
0,29,Sustainable Food Systems And Agroecology,41,0.9337804878048781,0.7682926829268293,0.7779439372136324,0.5505376344086022,10
0,30,Industry Research Lab Practical Training,12,0.7484848484848484,0.5454545454545454,0.6024963924963924,0.24444444444444444,10
0,31,Faculty-Sponsored CPT Employment Reporting,23,0.9505928853754941,0.7509881422924901,0.9320467836257309,0.531578947368421,10
0,32,Public Speaking and Presentation Skills,13,0.9423076923076923,0.5769230769230769,0.8509090909090908,0.0,10
0,33,Putonghua And Southern Min Foundational Skills,24,0.49855072463768124,0.2391304347826087,0.6503569529885319,0.2894736842105263,10
0,34,"Advanced Mandarin Discussion, Business, And Academic Chinese",14,0.8527472527472527,0.4945054945054945,0.6324630924630925,0.06666666666666667,10
0,35,Dance Technique And Choreography Courses,39,0.9133603238866396,0.23616734143049933,0.874519681064862,0.3225806451612903,10
0,36,Yiddish and Hebrew Language Study,19,1.0,1.0,0.9138736263736265,0.5604395604395604,10
0,37,Jewish Studies History Thought,35,0.9146218487394957,0.20336134453781513,0.9413500203500205,0.8433333333333334,10
0,38,English for Non-Native Speakers,13,0.9692307692307693,0.8461538461538461,0.876010101010101,0.75,10
0,39,Academic Writing And Thesis Support,10,0.8222222222222222,0.3333333333333333,0.43238095238095237,0.0,10
0,40,"Sociolinguistics, Phonetics, And Interaction",62,0.5565309360126917,0.13008989952406133,0.6356276374842946,0.15961945031712474,10
0,41,Syntactic Theory and Lexical Semantics,24,1.0,1.0,0.9882352941176471,0.8823529411764706,10
0,42,Computer Music And Audio Technology,37,0.9839339339339339,0.8933933933933934,0.9462433862433862,0.6693121693121693,10
0,43,Digital Humanities Computational Methods,12,0.9833333333333334,0.8333333333333334,0.6934920634920634,0.0,10
0,44,"Literacy Development, Research, And Instruction",10,0.86,0.0,0.9714285714285715,0.7142857142857143,10
0,45,Secondary English And World Language Teaching Methods,14,1.0,1.0,0.9654545454545455,0.6545454545454545,10
0,46,Auditioned Choral Orchestral And Wind Ensembles,35,0.8569747899159663,0.6823529411764706,0.8642367791644766,0.7301587301587301,10
0,47,Audition-Based Instrument Class And Lesson Signups,30,0.6402298850574712,0.4574712643678161,0.6096067629965681,0.38095238095238093,10
0,48,Shakespeare And Early Modern Drama,19,0.9596491228070176,0.7017543859649122,0.9557142857142858,0.8333333333333334,10
0,49,Western Music History And Analysis,24,0.7192028985507247,0.4963768115942029,0.6103846679785567,0.45614035087719296,10
0,50,"Ethnomusicology, Popular Music And Society",54,0.8356394129979036,0.1509433962264151,0.6702302274106391,0.11884057971014493,10
0,51,Spanish Service-Learning and Madrid Study Abroad,16,0.7308333333333333,0.3,0.7746470196470197,0.3956043956043956,10
0,52,Multitrack Spanish For Heritage Learners,31,0.781505376344086,0.17419354838709677,0.904018426018426,0.6753246753246753,10
0,53,Composition Seminars Orchestration And Improvisation Collectives,11,0.7618181818181818,0.0,0.27999999999999997,0.0,10
0,54,"Robotics Perception, Planning, Control",30,0.9602298850574712,0.8689655172413793,0.8511489667531645,0.7,10
0,55,"Computer Graphics, Vision, Imaging",25,0.8096666666666668,0.6333333333333333,0.6777536309579654,0.18947368421052632,10
0,56,Faculty-Sponsored Undergraduate Directed Research Credit,14,0.4703296703296703,0.3956043956043956,0.37093240093240093,0.0,10
0,57,Physical Education Swimming and Horsemanship,13,0.3641025641025641,0.0,0.4025641025641026,0.0,10
0,58,Outdoor Adventure Skills And Safety,18,0.8143790849673203,0.23529411764705882,0.8937087912087911,0.5897435897435898,10
0,59,Shipboard Oceanography and Estuarine Biogeochemistry,35,0.5912605042016806,0.3058823529411765,0.6653420908593323,0.3103448275862069,10
0,60,Marine Organismal Physiology and Conservation,22,0.5398268398268399,0.19480519480519481,0.6357151835093011,0.375,10
0,61,Faculty-Supervised Doctoral Dissertation Research,54,0.41621243885394826,0.06359189378057302,0.49853636435643783,0.12280701754385964,10
0,62,Dramatic Literature And Theatrical Genres,10,0.68,0.4666666666666667,0.6675396825396824,0.0,10
0,63,Sport Skill Instruction And Competitive Athletics,20,0.8942105263157896,0.7157894736842105,0.6827558715794009,0.0,10
0,64,Health Related Fitness Training And Injury Prevention,37,0.8542042042042042,0.21621621621621623,0.6359844934353212,0.20919540229885059,10
0,65,Studio Acting And Devised Performance,38,0.7044096728307256,0.1891891891891892,0.7809085612200184,0.6310160427807486,10
0,66,Theater History Dramaturgy And Playwriting,11,0.6690909090909091,0.38181818181818183,0.8147619047619047,0.6111111111111112,10
0,67,Jazz World And Vocal Ensembles,15,0.7190476190476189,0.14285714285714285,0.3023853923853924,0.0,10
0,68,Tonal Theory Musicianship And Jazz Studies,16,0.5208333333333333,0.175,0.5158558108558109,0.19230769230769232,10
0,69,"Keyboard Skills, Collaborative Piano, Repertoire Study",15,1.0,1.0,0.9487878787878788,0.6545454545454545,10
0,70,Comedy Theory and Satirical Resistance,11,0.9127272727272727,0.6545454545454545,0.4138888888888889,0.0,10
0,71,Student Wellbeing and Peer Health Education,28,0.3018518518518518,0.20634920634920634,0.12753959998811257,0.0,10
0,72,Mathematical Logic and Philosophy,16,0.5216666666666667,0.4583333333333333,0.4685914085914086,0.0,10
0,73,Faculty-Supervised Independent Study Courses,30,0.5006896551724138,0.25287356321839083,0.6418421514073688,0.14153846153846153,10
0,74,Departmental Honors Thesis Capstone Tutorials,16,0.6908333333333333,0.375,0.6690834165834166,0.358974358974359,10
0,75,AI Strategy For Business,25,0.9066666666666666,0.77,0.8095618725959284,0.5947712418300654,10
0,76,Social Science Research Methods,34,0.5957219251336898,0.35294117647058826,0.3928589636805529,0.19927536231884058,10
0,77,Analytic Philosophy And Language,10,0.36444444444444446,0.0,0.20865079365079367,0.0,10
0,78,Education Data Science and Statistics,23,0.6743083003952568,0.34782608695652173,0.5556908260148938,0.0392156862745098,10
0,79,Disability Studies In Education,11,0.8563636363636364,0.6545454545454545,0.6781746031746032,0.0,10
0,80,Moral Philosophy For Personal And Civic Life,16,0.7716666666666667,0.3,0.668543401043401,0.08333333333333333,10
0,81,Mathematics Education Curriculum And Teacher Preparation,12,0.7757575757575758,0.6818181818181818,0.43404040404040406,0.0,10
0,82,ROTC Military Leadership Training,16,0.9625,0.875,0.8527972027972026,0.0,10
0,83,Higher Education Diversity Admissions Debates,19,0.9374269005847953,0.7953216374269005,0.9596638655462186,0.8571428571428571,10
0,84,Academic Career And Graduate Success,27,0.7370370370370369,0.28774928774928776,0.48319212391981275,0.06926406926406926,10
0,85,Economics And Finance Of Education,12,0.46515151515151515,0.0,0.34141414141414145,0.0,10
0,86,Diagnostic Radiology And Radiation Oncology,21,0.8114285714285714,0.4142857142857143,0.352765369305617,0.0,10
0,87,Medical Imaging Physics And Reconstruction,17,0.8617647058823529,0.6691176470588235,0.9325641025641026,0.8,10
0,88,Graduate Econometrics Theory And Methods,19,0.9690058479532164,0.7953216374269005,0.9714285714285715,0.8571428571428571,10
0,89,Causal Inference and Quasi-Experimental Methods,18,0.42745098039215684,0.24183006535947713,0.48961704961704966,0.37142857142857144,10
0,90,"Turbulence, Flow Instability, Advanced Fluid Mechanics",10,0.2688888888888889,0.0,0.5058730158730158,0.0,10
0,91,"Blockchain, Cryptocurrency, and DeFi",15,0.9742857142857144,0.7428571428571429,0.8634920634920634,0.0,10
0,92,Clinical Neurosciences Clerkships,27,0.5763532763532765,0.48717948717948717,0.5869591910684251,0.2619047619047619,10
0,93,Chemical Engineering Curriculum And Research,18,0.5947712418300652,0.5947712418300654,0.5457236227824463,0.01282051282051282,10
0,94,Graduate Topology And Differential Geometry,25,0.9469999999999998,0.71,0.8947531819745441,0.6862745098039216,10
0,95,"Abstract Algebra, Number Theory",24,0.9753623188405797,0.8369565217391305,0.9665978672170624,0.8823529411764706,10
0,96,Numerical Methods and Scientific Computing,21,0.6833333333333333,0.3142857142857143,0.764723894956093,0.5098039215686274,10
0,97,"Photonics, Lasers, and Optical Devices",14,0.9428571428571428,0.8571428571428571,0.8482517482517483,0.0,10
0,98,Federal Indian and Tribal Law,10,1.0,1.0,0.8,0.0,10
0,99,Laboratory Animal Science And Medicine,15,1.0,1.0,1.0,1.0,10
0,100,ACE Supplemental Engineering Calculus Sections,13,0.43076923076923085,0.038461538461538464,0.3632828282828283,0.0,10
0,101,Full-Stack Web And Mobile Development,11,0.7927272727272727,0.0,0.31333333333333335,0.0,10
0,102,Normative Ethical Theory and Metaethics,37,0.496996996996997,0.25675675675675674,0.5280000519502743,0.25057471264367814,10
0,103,Mathematics Department Independent Study Requirements,17,0.8757352941176471,0.6691176470588235,0.7645920745920746,0.38181818181818183,10
0,104,Proof-Based Analysis And PDE Theory,24,0.5148550724637682,0.3007246376811594,0.7353357255807114,0.329004329004329,10
0,105,Synaptic Physiology And Neural Circuit Foundations,27,0.8581196581196581,0.38746438746438744,0.7150930812655136,0.4619883040935672,10
0,106,Clinical Neuroscience Of Stress Sleep Psychopathology,12,0.5484848484848485,0.15151515151515152,0.27025974025974026,0.0,10
0,107,Materials Science Curriculum And Mentorship,10,1.0,1.0,0.85,0.0,10
0,108,"Curriculum Design, Teaching Practicum, Directed Education Research",17,0.3294117647058824,0.0,0.240989010989011,0.038461538461538464,10
0,109,Teacher Preparation Seminars And Practicum,20,0.48842105263157887,0.2894736842105263,0.52453228659885,0.3956043956043956,10
0,110,Ancient and Comparative Philosophy,13,0.3038461538461539,0.038461538461538464,0.3487801087801088,0.03636363636363636,10
0,111,"Astrophysics, Cosmology, And Observational Astronomy",14,0.9296703296703297,0.7252747252747253,0.5626923076923077,0.0,10
0,112,Aeronautics And Astronautics Engineering,52,0.35814479638009045,0.19004524886877827,0.5037137808596253,0.20609756097560974,10
0,113,Fluid Mechanics And Heat Transfer,19,0.6403508771929823,0.0,0.606216136804372,0.10476190476190476,10
0,114,"Culture, Identity, and Mental Health",19,0.3274853801169591,0.0,0.309019069166128,0.025,10
0,115,Clinical Psychiatry Clerkships And Electives,17,0.9433823529411764,0.6691176470588235,0.8336996336996337,0.4857142857142857,10
0,116,Hydrology And Environmental Fluid Mechanics,14,0.8736263736263737,0.7252747252747253,0.8734920634920634,0.6222222222222222,10
0,117,Water and Wastewater Treatment Engineering,12,0.8212121212121213,0.5454545454545454,0.5683333333333332,0.0,10
0,118,Electrical Engineering Independent Study Requirements,38,0.4174964438122332,0.3541963015647226,0.38477121284351534,0.2860215053763441,10
0,119,"Social Theory, Equity, Schooling Institutions",22,0.3151515151515151,0.06493506493506493,0.5944238046095631,0.09523809523809523,10
0,120,Education Policy And Comparative Research,23,0.45691699604743086,0.21739130434782608,0.4212487478122153,0.05847953216374269,10
0,121,Cognitive Science of Memory,14,0.7395604395604396,0.4945054945054945,0.6562637362637362,0.0,10
0,122,Computational and Cognitive Neuroscience Methods,36,0.5555555555555556,0.40634920634920635,0.5393294838066807,0.19458128078817735,10
0,123,Cancer Biology,20,0.9315789473684211,0.8052631578947368,0.8025490196078431,0.5808823529411765,10
0,124,Atmospheric And Climate Dynamics,17,0.9073529411764707,0.40441176470588236,0.8761630036630036,0.7428571428571429,10
0,125,Coastal Physical Oceanography And Environmental Fluid Mechanics,19,0.6614035087719298,0.3216374269005848,0.516145227321698,0.14285714285714285,10
0,126,Earth Systems Capstone And Research,15,0.881904761904762,0.7428571428571429,0.8541414141414141,0.509090909090909,10
0,127,Computational Social Science And Networks,11,0.7472727272727273,0.0,0.5372222222222222,0.0,10
0,128,"Scientific Realism, Grounding, Physicalist Metaphysics",34,0.43493761140819964,0.09803921568627451,0.4537873766318656,0.07661290322580645,10
0,129,Social Epistemology and Embodied Phenomenology,11,0.3036363636363636,0.03636363636363636,0.23072150072150072,0.0,10
0,130,Quantum Condensed Matter Physics,12,0.9833333333333334,0.8333333333333334,0.6250505050505051,0.0,10
0,131,Museum Studies And Decolonial Curation,19,0.9111111111111112,0.5321637426900585,0.7085784313725491,0.0,10
0,132,"Child Development, Risk, Resilience",11,0.3472727272727273,0.0,0.7387085137085138,0.35714285714285715,10
0,133,Earth and Planetary Sciences Research,15,0.5790476190476191,0.0,0.661884781884782,0.0,10
0,134,Mechanical Design And Product Realization,41,0.7146341463414634,0.10975609756097561,0.7669974493700201,0.5172413793103449,10
0,135,Faculty-Supervised Engineering Research And Thesis,45,0.471010101010101,0.22121212121212122,0.4671876583796088,0.24487179487179486,10
0,136,Perioperative Anesthesiology Clerkships And Subinternships,11,1.0,1.0,0.6,0.0,10
0,137,Dynamic Systems Modeling And Control,12,0.6060606060606061,0.0,0.6097979797979798,0.0,10
0,138,Undergraduate Physics Research And Laboratory,17,0.6860294117647059,0.40441176470588236,0.8382550782550782,0.5769230769230769,10
0,139,Plasma Physics And High-Temperature Gas Diagnostics,13,0.4807692307692307,0.0,0.5378282828282829,0.045454545454545456,10
0,140,"Bioethics, Genetics And Neurolaw",29,0.8918719211822659,0.8004926108374384,0.7539753000622567,0.37142857142857144,10
0,141,Integrated Sustainable Building Design Studios,26,0.3356923076923077,0.06153846153846154,0.3206334956678206,0.1286549707602339,10
0,142,Construction Engineering And Project Management,15,0.8504761904761905,0.5238095238095238,0.9589010989010991,0.7428571428571429,10
0,143,Clinical Medical Genetics And Genetic Counseling,35,0.6892436974789915,0.5058823529411764,0.7152349141757058,0.5885057471264368,10
0,144,Health Care Management And Innovation,14,0.5912087912087912,0.0,0.4391858141858142,0.0,10
0,145,Urology and Nephrology Clinical Clerkships,10,0.74,0.0,0.5349999999999999,0.0,10
0,146,"Quantum Theory, Spectroscopy, Bonding In Solids",20,0.46578947368421053,0.0,0.6205559146735617,0.06593406593406594,10
0,147,"Organic Synthesis, Mechanism, Laboratory Training",30,0.9013793103448275,0.27816091954022987,0.9380662768031189,0.56,10
0,148,Quantum Computing And Information,12,0.9666666666666668,0.8333333333333334,0.8651515151515152,0.0,10
0,149,Modern Physics And Quantum Mechanics,40,0.20974358974358975,0.07435897435897436,0.437489762767277,0.023655913978494623,10
0,150,Community-Partnered Data Science Capstone Teams,13,0.5794871794871794,0.46153846153846156,0.7827272727272726,0.4666666666666667,10
0,151,Reproducible Research Computing And Data Tooling,25,0.8036666666666668,0.33,0.8436300309597524,0.41578947368421054,10
0,152,Applied Public Policy Capstone Practicums,31,0.5744086021505377,0.40860215053763443,0.7126584588304781,0.48,10
0,153,Integrated Organ System Pathophysiology,36,0.6341269841269841,0.5666666666666667,0.5751659544159543,0.396011396011396,10
0,154,Biomedical Data Science Graduate Training,19,0.7438596491228069,0.38596491228070173,0.8387301587301588,0.7252747252747253,10
0,155,Studio Sequence Craft And Architectural Drawing,10,0.8733333333333334,0.3333333333333333,0.9361111111111111,0.6111111111111112,10
0,156,Modern Architecture Histories Theory And Placemaking,15,0.9104761904761904,0.6285714285714286,0.9818181818181818,0.8181818181818182,10
0,157,Structural Engineering Analysis and Seismic Design,32,0.8221774193548386,0.24798387096774194,0.9623690319342494,0.7936507936507936,10
0,158,Computational Solid Mechanics And Plasticity,14,0.6417582417582417,0.3076923076923077,0.8580808080808081,0.5833333333333334,10
0,159,Semiconductor Device Physics And Nanofabrication,20,0.8394736842105264,0.5578947368421052,0.8038031576266871,0.42857142857142855,10
0,160,"Analog, RF, and Digital Circuits",36,0.8595238095238095,0.3396825396825397,0.6481698364256762,0.15669515669515668,10
0,161,Human-Centered Design Studio Curriculum,53,0.9118287373004353,0.818577648766328,0.8904926335703299,0.7632850241545893,10
0,162,Planetary Geophysics And Remote Sensing,21,0.49714285714285705,0.004761904761904762,0.604922232050715,0.075,10
0,163,"Structural Geology, Tectonics, Geophysics",35,0.8231932773109243,0.4235294117647059,0.95,0.5714285714285714,10
0,164,Statistical Mechanics And Disordered Systems,14,0.8901098901098902,0.3956043956043956,0.6523076923076923,0.045454545454545456,10
0,165,"Materials Structure, Characterization, and Thermodynamics",18,0.9509803921568627,0.5098039215686274,0.6572560772560772,0.15151515151515152,10
0,166,Emerging Viral Diseases And Biosecurity,14,0.7098901098901098,0.3956043956043956,0.5466000666000667,0.045454545454545456,10
0,167,History of Epidemics and Society,10,0.5177777777777778,0.0,0.47738095238095246,0.0,10
0,168,Mathematical Population Biology And Evolution,18,0.718954248366013,0.29411764705882354,0.439035964035964,0.19230769230769232,10
0,169,"Evolutionary Biology, Biodiversity, and Paleobiology",34,0.6896613190730838,0.1622103386809269,0.6812756375170168,0.30666666666666664,10
0,170,Biostatistics for Clinical Research,24,0.8626811594202899,0.6884057971014492,0.7780242942472044,0.45098039215686275,10
0,171,Epidemiologic Study Design and Methods,10,0.8222222222222223,0.6222222222222222,0.7595238095238095,0.3333333333333333,10
0,172,Biodesign Health Technology Innovation,16,0.8074999999999999,0.65,0.8728937728937728,0.6818181818181818,10
0,173,Internet Speech Governance And Content Moderation,37,0.5421921921921922,0.1816816816816817,0.3728048830538916,0.13846153846153847,10
0,174,Stochastic Processes And Applied Probability,26,0.6707692307692308,0.28923076923076924,0.7499968246781411,0.5714285714285714,10
0,175,Statistical Theory and Applied Inference,51,0.4945882352941176,0.11843137254901961,0.5980376166979771,0.16611295681063123,10
0,176,Health Policy And Economics,35,0.48991596638655455,0.3563025210084034,0.5630837909258377,0.4523809523809524,10
0,177,Statistical Machine Learning Methods,18,0.5326797385620915,0.0,0.4514835164835165,0.038461538461538464,10
0,178,Bioengineering Biomaterials And Tissue Engineering,23,0.9015810276679842,0.4505928853754941,0.7753525971792227,0.23684210526315788,10
0,179,Immunology and Biomedical Engineering Technologies,25,0.48200000000000004,0.3233333333333333,0.4136473536783134,0.24183006535947713,10
0,180,Social and Cultural Psychology Interventions,25,0.7246666666666666,0.4533333333333333,0.9394338788146838,0.7843137254901961,10
0,181,Psychology Curriculum and Research Methods,11,0.8963636363636363,0.509090909090909,0.8523809523809524,0.14285714285714285,10
0,182,Independent Biology Research and Mentorship,48,0.81427304964539,0.5301418439716312,0.6519712881322788,0.46558704453441296,10
0,183,"Christian Theology, Scripture, Political Theology",30,0.545287356321839,0.15402298850574714,0.2496418582688605,0.0,10
0,184,Obstetrics And Gynecology Clinical Clerkships,10,0.7755555555555556,0.0,0.27976190476190477,0.0,10
0,185,"Environmental, Climate and Natural Resources Law",29,0.7928571428571429,0.6231527093596059,0.7689100914341189,0.5,10
0,186,"Microbiology, Microbial Genomics And Microbiomes",30,0.546206896551724,0.22298850574712645,0.31897882269759487,0.11067193675889328,10
0,187,Indigenous Environmental Knowledge And Sovereignty,10,0.19555555555555554,0.0,0.33515873015873016,0.0,10
0,188,Physician Assistant Studies Clinical Clerkships,18,0.7745098039215687,0.5490196078431373,0.8274050459344577,0.4583333333333333,10
0,189,Learning Sciences And Technology Design,31,0.6098924731182795,0.5419354838709678,0.7087966156227026,0.41846153846153844,10
0,190,Artificial Intelligence In Healthcare,22,0.8917748917748917,0.8225108225108225,0.9079867561059511,0.6583333333333333,10
0,191,Drug Development and Digital Health,10,0.5088888888888887,0.3333333333333333,0.47055555555555556,0.25,10
0,192,Community-Engaged Research And Public Service,18,0.16143790849673204,0.0,0.18610913596207715,0.0,10
0,193,AI Law Policy Governance,38,0.2970128022759602,0.04836415362731152,0.4004981401507607,0.08505747126436781,10
0,194,Theories of Religion and Religious Studies,69,0.3423699914748508,0.061381074168797956,0.49274743675123656,0.13430127041742287,10
0,195,Buddhist Studies Texts And Traditions,28,0.9023809523809524,0.8015873015873016,0.9397234055037258,0.8947368421052632,10
0,196,Human-Centered AI Interaction Design,34,0.19607843137254902,0.11764705882352941,0.2600402320207417,0.11076923076923077,10
0,197,AI Ethics and Society,26,0.7941538461538462,0.4707692307692308,0.8022447670559799,0.4105263157894737,10
0,198,Medical Humanities and Healing Arts,16,0.5683333333333332,0.0,0.5877289377289376,0.10989010989010989,10
0,199,Stem Cell Biology Regenerative Medicine,10,0.86,0.0,0.3464285714285714,0.0,10
0,200,General And Subspecialty Surgery Rotations,21,0.48999999999999994,0.13333333333333333,0.6666742081447963,0.3333333333333333,10
0,201,Clinical And Surgical Human Anatomy,25,0.77,0.51,0.6091740108428088,0.1437908496732026,10
0,202,Environmental and Climate Economics Policy,20,0.4705263157894737,0.23684210526315788,0.5626260504201681,0.009523809523809525,10
0,203,Convex And Combinatorial Optimization Algorithms,13,0.8358974358974359,0.7051282051282052,0.7417676767676767,0.4166666666666667,10
0,204,"Algorithm Design, Data Structures, Information Theory",13,0.3717948717948718,0.0,0.34914862914862915,0.022222222222222223,10
0,205,Computational Genomics And Molecular Biology,15,0.23714285714285716,0.05714285714285714,0.15383949383949386,0.0,10
0,206,Equitable Electrification Law And Policy Practicums,11,0.3690909090909091,0.0,0.5086219336219336,0.0,10
0,207,Social Entrepreneurship And Strategic Philanthropy,25,0.8210000000000001,0.42333333333333334,0.7584423067472603,0.3473684210526316,10
0,208,"Computer Systems, Networks, Parallel Architecture",48,0.4547872340425532,0.20212765957446807,0.48025892859049996,0.1417004048582996,10
0,209,Environmental Social Sciences Research Training,26,0.5603076923076924,0.28,0.5851025513873811,0.5105263157894737,10
0,210,Natural Language Processing,11,0.45636363636363636,0.0,0.624098124098124,0.14285714285714285,10
0,211,Sustainable Energy Transitions And Equity,13,0.764102564102564,0.5769230769230769,0.7646464646464646,0.3333333333333333,10
0,212,Carbon Markets And Climate Tech Economics,24,0.3760869565217392,0.17391304347826086,0.42240618256872126,0.12280701754385964,10
0,213,Community Organizing And Leadership Facilitation,11,0.5454545454545454,0.0,0.5973737373737373,0.0,10
0,214,Cognitive Science and AI,17,0.3,0.0,0.4993559218559218,0.022222222222222223,10
0,215,Artificial Intelligence And Deep Learning,41,0.2747560975609756,0.0475609756097561,0.3897090354664129,0.18850574712643678,10
0,216,Global Health In Resource-Poor Settings,37,0.5493993993993994,0.22522522522522523,0.443857378878441,0.16,10
0,217,Structural Racism And Health Disparities,10,0.44222222222222224,0.2222222222222222,0.5022222222222222,0.10714285714285714,10
0,218,Game Theory And Market Design,43,0.36234772978959023,0.23255813953488372,0.6857418528359667,0.3096774193548387,10
0,219,Sociology Research Training Seminars,19,0.8760233918128655,0.7953216374269005,0.9260130718954249,0.7777777777777778,10
0,220,Sustainability Leadership And Systems Transformation,27,0.35498575498575496,0.10541310541310542,0.5022565903831888,0.11029411764705882,10
0,221,Media Psychology And Communication Research,35,0.33277310924369746,0.08067226890756303,0.18183227372882543,0.007389162561576354,10
0,222,Housing Policy And Urban Law,13,0.817948717948718,0.358974358974359,0.785151515151515,0.0,10
0,223,Practical Software Tools And Design,10,0.6977777777777777,0.28888888888888886,0.45388888888888895,0.0,10
0,224,Inpatient Medicine And Pediatrics Clerkships,39,0.24561403508771926,0.1241565452091768,0.45732644103420467,0.10344827586206896,10
0,225,Primary Care Clinical Clerkships,31,0.410752688172043,0.2709677419354839,0.4802934119021075,0.22,10
0,226,Applied Leadership Practice And Self-Development,51,0.7711372549019607,0.06352941176470588,0.7938467157724105,0.41818181818181815,10
0,227,Scholarly Organization Theory And Analysis,25,0.7203333333333334,0.52,0.5637809318304674,0.33088235294117646,10
0,228,Scenic Lighting And Properties Design,16,0.7983333333333335,0.65,0.6562504162504162,0.0,10
0,229,Environmental Storytelling And Media Communication,20,0.45210526315789473,0.24210526315789474,0.40843262946204123,0.06593406593406594,10
0,230,Computer Science Independent Research Credit,14,0.9296703296703297,0.7252747252747253,0.774998334998335,0.5384615384615384,10
0,231,Introductory Computer Science Supplemental Labs,15,0.8171428571428573,0.45714285714285713,0.7187201687201686,0.36363636363636365,10
0,232,Corporate Law and Governance,34,0.6114081996434938,0.14616755793226383,0.6114683422524501,0.31746031746031744,10
0,233,Molecular Bioengineering And Protein Design,14,0.4076923076923077,0.10989010989010989,0.3643434343434343,0.0,10
0,234,Public Economics And Fiscal Policy,25,0.6543333333333333,0.38333333333333336,0.5993924019923481,0.23684210526315788,10
0,235,"Taxation, Estate Planning, Business Policy",12,0.6818181818181818,0.6818181818181818,0.5952020202020202,0.2222222222222222,10
0,236,East Asian Art and Nature,27,0.5740740740740741,0.18803418803418803,0.1927989138932738,0.0196078431372549,10
0,237,Frontline Environmental Justice Community Praxis,10,0.6711111111111111,0.0,0.8892857142857142,0.7142857142857143,10
0,238,Biomolecular Chemistry And Structural Characterization Methods,30,0.7406896551724138,0.335632183908046,0.7892974899496639,0.35064935064935066,10
0,239,Quantitative Cell Dynamics And Signaling Networks,24,0.36594202898550726,0.07246376811594203,0.5189279013040624,0.15714285714285714,10
0,240,Environmental Anthropology And Justice,12,0.5757575757575757,0.0,0.7826767676767676,0.3333333333333333,10
0,241,Global Environmental Change and Society,41,0.3471951219512196,0.046341463414634146,0.3577895855783051,0.005681818181818182,10
0,242,"Science, Technology, Society Studies",26,0.6240000000000001,0.28,0.6396833982188673,0.3142857142857143,10
0,243,Graduate Economic Theory And Finance,90,0.248789013732834,0.05418227215980025,0.13820488881281656,0.08684684684684685,10
0,244,Science Communication Writing Courses,19,0.8964912280701753,0.7953216374269005,0.8684771927418986,0.47435897435897434,10
0,245,Medical Narrative Writing Workshops,18,0.7588235294117647,0.5947712418300654,0.7501115551115551,0.65,10
0,246,World Cinema Studies,80,0.3653481012658228,0.057911392405063294,0.6391196586941106,0.08158508158508158,10
0,247,Screenwriting And Audio Narrative Workshops,14,0.7065934065934065,0.6043956043956044,0.6707226107226107,0.0,10
0,248,Documentary Film Production MFA,34,0.83475935828877,0.3404634581105169,0.8749748316199929,0.26455026455026454,10
0,249,Quantitative Finance And Investment Modeling,10,0.5933333333333334,0.022222222222222223,0.5025396825396825,0.0,10
0,250,Corporate Finance And Financial Statement Analysis,54,0.3765897973445143,0.19007686932215234,0.4310973293138666,0.11515151515151516,10
0,251,Business Strategy And Operations Management,34,0.35579322638146166,0.14260249554367202,0.45050401385624095,0.23870967741935484,10
0,252,Entrepreneurial Marketing And Go-To-Market Strategy,27,0.06866096866096867,0.002849002849002849,0.05251201125343001,0.0,10
0,253,Technology Entrepreneurship And Venture Creation,85,0.2947058823529412,0.07394957983193277,0.2576036878595747,0.05093167701863354,10
0,254,Urban Studies And Inequality,12,0.6227272727272728,0.045454545454545456,0.6435353535353536,0.2,10
0,255,Urban Planning And Sustainable Cities,34,0.5258467023172905,0.13012477718360071,0.6783461748978991,0.35172413793103446,10
0,256,Journalism Reporting And News Media,26,0.7750769230769231,0.5292307692307693,0.7215578656398417,0.4675324675324675,10
0,257,Media Theory And Cultural Studies,34,0.38431372549019605,0.08199643493761141,0.3979810656332396,0.20307692307692307,10
0,258,Fashion Cultures and Apocalyptic Futures,12,0.2363636363636364,0.0,0.18095238095238095,0.0,10
0,259,Experimental Animation And Moving-Image Arts,17,0.7022058823529411,0.5735294117647058,0.6802564102564104,0.0,10
0,260,Writing And Rhetoric Of Digital Culture,25,0.19966666666666666,0.08,0.14460916104878954,0.02857142857142857,10
0,261,Chinese Literary History And Criticism,11,0.44545454545454544,0.0,0.5549999999999999,0.0,10
0,262,"Printmaking, Artist Books, Weaving Studios",27,0.5233618233618234,0.3076923076923077,0.7265251897860594,0.37142857142857144,10
0,263,Islamic Intellectual And Religious History,30,0.9154022988505748,0.7471264367816092,0.8835816790210383,0.7608695652173914,10
0,264,Modern Greek Language Sequence,11,1.0,1.0,0.9,0.0,10
0,265,Digital Media Art Theory,11,0.31090909090909086,0.0,0.19611111111111112,0.0,10
0,266,Introductory Drawing Painting Sculpture Studios,48,0.7317375886524823,0.425531914893617,0.6807293965049005,0.39878048780487807,10
0,267,Senior Thesis MFA Professional Practice,30,0.5903448275862069,0.35172413793103446,0.4638245282708199,0.2077922077922078,10
0,268,Classical Language Reading And Composition,13,0.7602564102564103,0.2692307692307692,0.8411111111111111,0.24444444444444444,10
0,269,Greek And Latin Language Instruction,24,0.9047101449275361,0.5108695652173914,1.0,1.0,10
0,270,"Institutions, Poverty, And Global Development",23,0.6442687747035574,0.2608695652173913,0.5577242124920144,0.21052631578947367,10
0,271,Public Art And Visual Literacy,16,0.4966666666666666,0.18333333333333332,0.33826007326007324,0.0,10
0,272,Global Modernism And Marginalized Artists,60,0.6628248587570622,0.12372881355932204,0.5462214844064505,0.08140610545790934,10
0,273,Poetry Workshops and Lyric Studies,51,0.5311372549019608,0.08627450980392157,0.6485749588173686,0.3285917496443812,10
0,274,Latin American Narrative And Poetry Canon,21,0.8842857142857143,0.5714285714285714,0.8729248366013073,0.65,10
0,275,Hispanic Modernisms Across Visual Media,10,0.7577777777777778,0.4666666666666667,0.5765079365079365,0.0,10
0,276,PWR Rhetorics Of Witness And Identity,11,0.650909090909091,0.0,0.74,0.06666666666666667,10
0,277,History of Early Modern Science,12,0.7030303030303029,0.22727272727272727,0.7255555555555556,0.0,10
0,278,Negotiation Strategy And Conflict Management,10,0.58,0.0,0.55,0.0,10
0,279,Modern Military History And Warfare,14,0.6780219780219781,0.0,0.9818181818181818,0.8181818181818182,10
0,280,"Genocide, Humanitarian Intervention, Transitional Justice",17,0.2375,0.007352941176470588,0.39361530626236507,0.009523809523809525,10
0,281,Political Science Methodology and Research,37,0.5426426426426427,0.16666666666666666,0.6424744658587819,0.15698924731182795,10
0,282,Classical Literature In Translation Seminars,25,0.45,0.18333333333333332,0.316858995837324,0.0,10
0,283,European Union Politics,10,0.49111111111111116,0.0,0.19055555555555553,0.0,10
0,284,History of Political Thought,31,0.5963440860215053,0.1935483870967742,0.6210824682563812,0.19927536231884058,10
0,285,Political Economy of China,31,0.2838709677419355,0.11397849462365592,0.30270800214278476,0.16923076923076924,10
0,286,Global Economic History,22,0.8480519480519482,0.4588744588744589,0.7124173178043147,0.4269005847953216,10
0,287,Core PWR Research Based Argument Sequence,23,0.6233201581027668,0.003952569169960474,0.6797722246793454,0.14285714285714285,10
0,288,Themed PWR Seminars On Belonging And Change,11,0.76,0.12727272727272726,0.7407070707070708,0.01818181818181818,10
0,289,Ancient Mediterranean Art And Reception,11,0.42363636363636364,0.0,0.4177561327561328,0.09523809523809523,10
0,290,Ottoman Legacies And Modern Middle East,36,0.7782539682539682,0.15873015873015872,0.6217484087823355,0.0,10
0,291,Medieval Studies Sources And Methods,27,0.7205128205128205,0.25925925925925924,0.6246447336035436,0.33766233766233766,10
0,292,International Relations Thesis and Capstone Research,13,0.9846153846153847,0.8461538461538461,0.7818181818181819,0.0,10
0,293,Renaissance Florence Art And Architecture,34,0.8689839572192513,0.7754010695187166,0.5569584323006482,0.28,10
0,294,Youth Education Law Advocacy,11,0.790909090909091,0.0,0.575,0.0,10
0,295,Contemporary Chinese Politics And Society,18,0.8032679738562092,0.5098039215686274,0.7046423184658478,0.5238095238095238,10
0,296,Modern East Asian History,29,0.7369458128078817,0.46551724137931033,0.5035213726014641,0.26,10
0,297,Archaeological Theory Methods And Heritage,55,0.9512457912457911,0.8255892255892255,0.9126975780493479,0.6762257169287696,10
0,298,Greco-Roman And Ancient Near Eastern Empires,12,0.7424242424242424,0.42424242424242425,0.831111111111111,0.38181818181818183,10
0,299,Asylum Borders And Crimmigration Enforcement Law,33,0.4357954545454546,0.14393939393939395,0.43562102631667854,0.18972332015810275,10
0,300,Human Rights Trafficking And Atrocity Accountability,13,0.31666666666666665,0.01282051282051282,0.3497574647574647,0.015151515151515152,10
0,301,Continental Philosophy And Literature,11,0.3909090909090908,0.0,0.22944444444444448,0.0,10
0,302,Warfare Society And Asia-Pacific Historical Transformation,11,0.1509090909090909,0.0,0.085,0.0,10
0,303,"Medieval Vernacular Romance, Epic, and Dante",26,0.6276923076923077,0.16923076923076924,0.49032715478535904,0.17142857142857143,10
0,304,Early Modern European Global History,11,0.45999999999999996,0.0,0.23722222222222222,0.0,10
0,305,Global Food History And Culture,10,0.23111111111111113,0.0,0.1849206349206349,0.0,10
0,306,Evidence Law and Clinical Practice,11,0.14727272727272728,0.0,0.383015873015873,0.06666666666666667,10
0,307,Russian And Slavic Literature,27,0.8290598290598291,0.7236467236467237,0.7533445877345459,0.5321637426900585,10
0,308,"Crime, Punishment, Policing, Mass Incarceration",13,0.46410256410256406,0.0,0.6613053613053612,0.0,10
0,309,Criminal Law And Procedure,46,0.9268599033816425,0.8724637681159421,0.9296990171990173,0.4144144144144144,10
0,310,Indo-Pacific Great Power Rivalry And Strategy,20,0.498421052631579,0.18947368421052632,0.6384599980343014,0.16374269005847952,10
0,311,Critical Concept Seminars In Cultural Anthropology,22,0.44458874458874453,0.15584415584415584,0.5513560862941668,0.1568627450980392,10
0,312,Ethnographic Methods And Anthropology Degree Training,32,0.8548387096774194,0.5524193548387096,0.7396068376068377,0.51,10
0,313,Federal Courts And Structural Constitutional Law,15,0.49142857142857144,0.0,0.60002331002331,0.22727272727272727,10
0,314,National Security Technology Innovation,15,0.5923809523809525,0.4,0.6498468198468199,0.01282051282051282,10
0,315,American Foreign Policymaking Intervention And Economic Statecraft,10,0.3777777777777778,0.13333333333333333,0.49000000000000005,0.08333333333333333,10
0,316,Science Fiction and Speculative Futures,16,0.9633333333333333,0.7583333333333333,0.8916816516816517,0.6545454545454545,10
0,317,"Democratic Erosion, Polarization, Representation",39,0.43076923076923074,0.05263157894736842,0.352946695178882,0.0989247311827957,10
0,318,Formal Models Of Electoral Behavior,25,0.3453333333333333,0.22,0.3032689567054892,0.009523809523809525,10
0,319,Ethnic Studies Research Praxis Workshops,13,0.5846153846153845,0.5769230769230769,0.4098629148629149,0.0,10
0,320,Wonder Sublimity And Literary Imagination,46,0.2843478260869565,0.11304347826086956,0.2209603216803247,0.07807807807807808,10
0,321,Moral Judgment And Visual Culture,10,0.2511111111111111,0.022222222222222223,0.28579365079365077,0.0,10
0,322,Transactional Lawyering Drafting And Clinics,11,0.5654545454545454,0.0,0.31841269841269837,0.0,10
0,323,Rule Of Law Statebuilding And Anticorruption,11,0.37636363636363634,0.0,0.3480808080808081,0.0,10
0,324,International Business Law And Arbitration,31,0.42709677419354836,0.3634408602150538,0.8157011640699796,0.3695652173913043,10
0,325,Paris On-Site Study Abroad Seminars,10,0.72,0.4666666666666667,0.540873015873016,0.0,10
0,326,Comparative Global Urban History Methods,17,0.5213235294117647,0.21323529411764705,0.4215986790986791,0.022222222222222223,10
0,327,"Founding, Reconstruction And Constitutional Change Over Time",13,0.9,0.3076923076923077,0.8206060606060607,0.43636363636363634,10
0,328,First And Fourteenth Amendment Doctrine,15,0.8476190476190476,0.34285714285714286,0.9833333333333334,0.8333333333333334,10
0,329,Legal History Across National Traditions,20,0.3910526315789474,0.015789473684210527,0.3393293187720432,0.125,10
0,330,Short Story And Novel Workshops,10,1.0,1.0,0.9583333333333334,0.5833333333333334,10
0,331,Cross-Genre Creative Nonfiction Workshops,18,1.0,1.0,0.9008333333333333,0.175,10
0,332,"Negotiation, Mediation And Dispute Resolution",12,0.2015151515151515,0.015151515151515152,0.12187590187590187,0.0,10
0,333,Persuasive Brief Drafting And Rhetoric,12,0.34545454545454546,0.0,0.6115151515151515,0.0,10
0,334,Lawyer Regulation And Litigation Practice Norms,24,0.3619565217391304,0.21739130434782608,0.30416519239274653,0.017543859649122806,10
0,335,"Supreme Court Practice, Moot Court Competition",17,0.5764705882352941,0.20588235294117646,0.5232042957042957,0.23076923076923078,10
0,336,"Legal Philosophy, Gender, Sexuality Law",18,0.4784313725490196,0.13725490196078433,0.43816350316350317,0.1978021978021978,10
0,337,Jurisprudential Schools And Critical Legal Movements,19,0.5187134502923977,0.11695906432748537,0.6345529470529471,0.2692307692307692,10
0,338,Foundational Feminist Studies Curriculum And Capstones,17,0.2125,0.022058823529411766,0.2763736263736264,0.008333333333333333,10
0,339,Black Queer Trans Anticolonial Sexuality Scholarship,33,0.24412878787878783,0.06060606060606061,0.29813354117701946,0.043478260869565216,10
0,340,"Race, Indigeneity, Colonialism In Americas",26,0.19292307692307692,0.009230769230769232,0.14931256005626714,0.03684210526315789,10
0,341,European And Middle Eastern Literature,31,0.3541935483870968,0.09032258064516129,0.210659207137468,0.003076923076923077,10
0,342,Literary Translation And Middle Eastern Literature,10,0.3666666666666666,0.0,0.19206349206349205,0.0,10
0,343,Black Diaspora And Indigenous Studies Foundations,16,0.6775,0.4583333333333333,0.5082217782217782,0.0,10
0,344,American And Latin American Studies,21,0.4595238095238095,0.23333333333333334,0.43078775369797045,0.0,10
0,345,American Modernist Fiction Race Gender,21,0.3466666666666667,0.13333333333333333,0.39096255911271394,0.175,10
0,346,Historical Methods and Research Practice,18,0.442483660130719,0.0392156862745098,0.5475033300033301,0.10606060606060606,10
0,347,African Slavery Colonialism Global History,41,0.585,0.1719512195121951,0.5532773699471991,0.16031746031746033,10
0,348,Modern British Imperial Historical Memory,21,0.32904761904761903,0.12857142857142856,0.4375280112044818,0.0,10
0,349,United States History Surveys,35,0.7326050420168068,0.3126050420168067,0.5700894001972978,0.1746031746031746,10
0,350,"Social Movements, Migration, Racial Politics",12,0.16363636363636364,0.015151515151515152,0.07296536796536796,0.0,10
0,351,"Race, Immigration, And Asian American Studies",45,0.2087878787878788,0.09191919191919191,0.4515586916825307,0.10317460317460317,10
0,352,"Imperial Russia, Ukraine, Modern Europe",10,0.7111111111111111,0.4666666666666667,0.8513492063492063,0.2,10
0,353,"Soviet Socialism, Terror, Industrial Utopia",11,0.9272727272727274,0.8181818181818182,0.9226190476190477,0.47619047619047616,10
0,354,"Race, Gender, Identity In Literature",62,0.18376520359598097,0.0893707033315706,0.12803841150346099,0.01818181818181818,10
0,355,British Novel Genre And Theory,31,0.35053763440860214,0.060215053763440864,0.31077090270493574,0.10837438423645321,10
0,356,Early Modern Through Nineteenth-Century Prose Fiction,28,0.2272486772486772,0.042328042328042326,0.14421179176785584,0.017316017316017316,10
1,0,Intermediate Photography Practice And Theory,35,0.7885714285714286,0.0,0.0,0.0,10
1,1,Curricular Practical Training Internships,64,0.8413690476190476,0.46924603174603174,0.8756329488591262,0.7687074829931972,10
1,2,African Asian Indigenous Language Sequences,134,0.33782964874873744,0.29188643249915835,0.5153808392559194,0.2780059746079164,10
1,3,Intellectual Property Law,43,0.9543743078626798,0.9080841638981174,0.4677869078298521,0.0,10
1,4,French Italian Proficiency With Study Abroad,47,0.9574468085106383,0.9574468085106383,0.8737059877447251,0.0,10
1,5,Arabic and Persian Proficiency Sequences,35,0.5850420168067227,0.0,1.0,1.0,10
1,6,Spanish Portuguese Multitrack Proficiency Courses,77,0.9714627477785373,0.9483937115516062,0.9364102422431779,0.8363530099357102,10
1,7,Japanese and Korean Proficiency Sequences,82,0.8940078289671785,0.4977416440831075,0.6793869351712808,0.31585677749360613,10
1,8,Sequential Russian Ukrainian Romanian Proficiency,38,1.0,1.0,1.0,1.0,10
1,9,Introductory Central European Nordic Languages,35,0.9885714285714287,0.9428571428571428,0.9856960408684546,0.9259259259259259,10
1,10,Individual Instrumental Instruction For Majors,41,0.9658536585365853,0.9512195121951219,0.3887301587301587,0.0,10
1,11,Academic English Literacy And Teaching Methods,73,0.5768264840182649,0.386986301369863,0.4949798940778477,0.14882154882154883,10
1,12,"Linguistic Theory, Sociolinguistics, and Research",107,0.9649444542408746,0.9088344207370834,0.9506031396601371,0.907563025210084,10
1,13,Modern and Classical Chinese Reading Sequences,35,0.9942857142857143,0.9428571428571428,1.0,1.0,10
1,14,Spoken Mandarin and Putonghua Communication,42,0.9718931475029036,0.8617886178861789,0.9887394957983193,0.8873949579831932,10
1,15,Agroecology Farming And Food System Innovation,41,0.9337804878048781,0.7682926829268293,0.09476266182148535,0.0,10
1,16,Jewish Studies and Hebrew Language,54,0.7415793151642208,0.0,0.3872391820066239,0.0,10
1,17,Dance Technique And Choreography Courses,39,0.9846153846153847,0.9487179487179487,0.9728587319243603,0.9310344827586207,10
1,18,Theater Performance Studies and Dramaturgy,98,0.9159267830843676,0.38291605301914583,0.9777981877238366,0.949050949050949,10
1,19,Musicology and Ethnomusicology Studies,87,0.796124031007752,0.4645816626570436,0.6544709446253761,0.3274536408864767,10
1,20,Computer Music And Audio Technology,37,0.9839339339339339,0.8933933933933934,0.785978835978836,0.0,10
1,21,Instrument Classes Composition And Musicianship,105,0.5639194139194139,0.2031135531135531,0.6399831847027234,0.2957592339261286,10
1,22,Auditioned Large Performing Ensembles,35,0.8549579831932773,0.0016806722689075631,0.27961138478379854,0.0,10
1,23,Marine Biology and Oceanography Fieldwork,66,0.9076456876456875,0.8815850815850815,0.8569266974796547,0.7805429864253394,10
1,24,Physical Education Fitness and Sports,104,0.8865384615384613,0.5752427184466019,0.9086161592008077,0.33785004516711836,10
1,25,"Computer Vision, Graphics, and Robotics",55,0.5794612794612795,0.0,0.3996767858106873,0.0,10
1,26,Undergraduate Directed Study Honors Tutorials,65,0.6711057692307694,0.2,0.6993647729710297,0.3419607843137255,10
1,27,Doctoral Candidacy Dissertation Research Registration,54,0.8675751222921034,0.6310272536687631,0.8350074004602769,0.5174603174603175,10
1,28,Econometrics and Causal Inference Methods,43,0.6419712070874862,0.0011074197120708748,0.5050106823086432,0.0,10
1,29,Medical Imaging and Radiation Oncology,44,0.6682875264270614,0.0,0.3436120069863703,0.0,10
1,30,Aerospace Engineering and Fluid Mechanics,119,0.6939040022788776,0.5670132459763566,0.6102793511930404,0.3289108910891089,10
1,31,"Graduate Algebra, Geometry, Topology",53,0.9440493468795355,0.8541364296081277,0.9511506140917906,0.8153846153846154,10
1,32,"Applied Analysis, Linear Algebra, Computation",83,0.713429327064355,0.36585365853658536,0.6113716526064774,0.2860576923076923,10
1,33,Neuroscience from Synapses to Cognition,101,0.5549306930693071,0.2689108910891089,0.6203829034414579,0.31105088828666067,10
1,34,Education Policy and Comparative Schooling,64,0.7904761904761906,0.3943452380952381,0.8165872123516517,0.43089430894308944,10
1,35,Teacher Preparation Seminars And Practicum,44,0.6416490486257929,0.37103594080338265,0.7329158433784919,0.4623044096728307,10
1,36,"Moral Theory, Responsibility, Metaethical Foundations",37,0.7435435435435436,0.5675675675675675,0.7257625275992907,0.4827586206896552,10
1,37,"Reality, Knowledge, and Conscious Experience",68,0.6284021071115012,0.23748902546093065,0.5957779530049908,0.350104821802935,10
1,38,Architectural Design and Sustainable Construction,90,0.7802247191011236,0.4099875156054931,0.8099437459497532,0.0006493506493506494,10
1,39,Elasticity Plasticity And Structural Dynamics,91,0.651916971916972,0.38974358974358975,0.5391897082750169,0.3848648648648649,10
1,40,"Modern Physics, Quantum Mechanics, Astrophysics",99,0.7720676149247578,0.3217893217893218,0.8019502505850389,0.45441441441441444,10
1,41,"Developmental, Social, and Cultural Psychology",86,0.9655540355677154,0.9086183310533515,0.8829029690279884,0.6693989071038251,10
1,42,Clinical Psychiatry and Mental Health,41,0.7750000000000001,0.23170731707317074,0.5771253134953815,0.0017825311942959,10
1,43,Hands-On Data Analysis And Capstones,63,0.6177675371223759,0.39938556067588327,0.514976141377889,0.0,10
1,44,Geophysics and Earth-Planetary Systems,111,0.9730712530712531,0.9464373464373464,0.8538024808337698,0.5271604938271605,10
1,45,"Atmosphere, Ocean, and Climate Dynamics",38,0.9220483641536272,0.8463726884779517,0.7722958861413354,0.2955665024630542,10
1,46,EE Independent Projects And Practical Training,38,0.5288762446657184,0.004267425320056899,0.4639304943132071,0.02,10
1,47,Integrated Circuit Design And Semiconductor Devices,71,0.8981488933601611,0.4249496981891348,0.9362899151992075,0.8218029350104822,10
1,48,Prototyping Manufacturing And Capstone Design,41,0.8809756097560975,0.8121951219512196,0.8193752236165375,0.6798029556650246,10
1,49,Engineering Directed Research And Theses,45,0.9252525252525252,0.8696969696969697,0.8028858336946574,0.4380952380952381,10
1,50,"Physical, Organic, and Inorganic Chemistry",66,0.9306759906759907,0.717948717948718,0.757303433472512,0.4383838383838384,10
1,51,"Materials Structure, Thermodynamics, and Characterization",42,0.9857142857142858,0.9523809523809523,0.9539317716333844,0.7873015873015873,10
1,52,Clinical Medical Genetics And Genetic Counseling,35,0.5331092436974789,0.0,0.2555796430234211,0.0,10
1,53,Epidemiology and Clinical Research Methods,76,0.39684210526315794,0.21333333333333335,0.36205033498843314,0.12727272727272726,10
1,54,Probability Theory and Statistical Inference,88,0.4409090909090909,0.3019853709508882,0.6959404461101483,0.38430211032950756,10
1,55,"Biodesign, Digital Health Innovation",73,0.43923135464231355,0.11453576864535768,0.36500784920575646,0.0,10
1,56,Integrated Organ System Pathophysiology,36,0.33888888888888885,0.0,0.4901172456575682,0.0,10
1,57,Human-Centered Design Studio Curriculum,53,0.9119013062409289,0.818577648766328,0.8999966939087936,0.7632850241545893,10
1,58,"Evolutionary Biology, Biodiversity, and Paleobiology",53,0.8014513788098695,0.0,0.6018185335500383,0.06976744186046512,10
1,59,Bioengineering Biomaterials Immunology and Devices,52,0.39539969834087485,0.0,0.3649391750242573,0.0,10
1,60,Comparative Religious Studies And Theology,144,0.8673174048174049,0.5262237762237763,0.8555163200018121,0.7047976011994003,10
1,61,Internet Speech Governance And Content Moderation,37,0.8198198198198197,0.6981981981981982,0.7522129596838332,0.3996212121212121,10
1,62,Surgical Clerkships and Clinical Anatomy,67,0.8709633649932158,0.7476255088195387,0.7613022010266575,0.3920335429769392,10
1,63,Clinical Clerkships in Patient Care,138,0.7516661377340526,0.15730455939913254,0.6888013183917441,0.42743628185907045,10
1,64,Health Policy And Economics,35,0.6463865546218488,0.03529411764705882,0.45598319120009884,0.0,10
1,65,Global Health Equity and Social Justice,94,0.7476778769160375,0.22946694120338595,0.5234014287362856,0.24055944055944056,10
1,66,Molecular Biology and Biochemical Techniques,158,0.5931306941868902,0.37765056841086836,0.4195053743789912,0.18747763864042935,10
1,67,Independent Biology Research and Mentorship,48,0.823581560283688,0.5904255319148937,0.7395043543185957,0.5042016806722689,10
1,68,Provable Algorithms Optimization Randomized Sampling,42,0.3141695702671312,0.0,0.22338785271414663,0.0,10
1,69,Foundations Of AI And Language Models,92,0.6090539894887721,0.2429526994744386,0.6434197463506377,0.31388329979879276,10
1,70,Leadership and Social-Impact Organizations,150,0.4477046979865772,0.21646532438478747,0.37240010095836784,0.1391304347826087,10
1,71,AI Regulation Privacy Law Practicums,38,0.6546230440967282,0.06401137980085349,0.7086347139523218,0.4173387096774194,10
1,72,Human-Centered AI Design Ethics Studios,60,0.33242937853107346,0.18022598870056497,0.386017860928518,0.2563265306122449,10
1,73,Sustainability Governance Justice And Social Science,139,0.5455635491606714,0.1289750808049213,0.3824913980056678,0.22713387241689129,10
1,74,Energy Climate Economics and Policy,75,0.8108828828828829,0.412972972972973,0.8141132226373939,0.3331570597567425,10
1,75,"Entrepreneurship, Venture Growth And Go-To-Market",178,0.6634482320827779,0.16593664698787533,0.3932322580874314,0.12682425488180885,10
1,76,Operating Systems Networks Parallel Programming,48,0.8208333333333334,0.4122340425531915,0.893051933651118,0.7754010695187166,10
1,77,CS Supplemental Labs and Research,51,0.8860392156862744,0.5858823529411765,0.9192940375282985,0.7040169133192389,10
1,78,Game Theory And Market Design,43,0.9270210409745294,0.778516057585825,0.9419980935980137,0.8129032258064516,10
1,79,"Urban Sociology, Housing and Inequality",115,0.3989931350114416,0.11914569031273836,0.3483694876514319,0.1373869135282979,10
1,80,Media Psychology And Communication Research,35,0.31159663865546217,0.03529411764705882,0.27340055857297235,0.06157635467980296,10
1,81,Tax Design and Government Budgets,38,0.23243243243243242,0.0,0.3547344728163285,0.006896551724137931,10
1,82,Science Communication and Medical Narrative Writing,65,0.17509615384615382,0.0,0.3304997548383097,0.0,10
1,83,PWR Seminars on Media Rhetoric,223,0.3841675756473963,0.2396073203248091,0.5207953016722631,0.23520031891568666,10
1,84,Applied Valuation And Investment Analysis,67,0.9159203980099504,0.7738579828132067,0.8878998869650843,0.502262443438914,10
1,85,PhD Macroeconomics And Financial Economics,90,0.45183520599250937,0.16254681647940075,0.5676250599101744,0.4341704718417047,10
1,86,Global Film History And Theory,80,0.9750949367088607,0.9503164556962025,0.955926561298304,0.8741406663141195,10
1,87,Documentary Production And Screenwriting Practice,48,0.7056737588652483,0.0,0.7967785169182133,0.43859649122807015,10
1,88,Iberian And Latin American Letters,63,0.4530465949820788,0.0,0.353529412142941,0.0,10
1,89,Modern Art Institutions and Marginality,90,0.8967290886392011,0.8089887640449438,0.9021247151994555,0.7566643882433356,10
1,90,Studio Art Practice,96,0.6532675438596491,0.22697368421052633,0.5857649961901652,0.2582278481012658,10
1,91,"Greek, Latin, and Ancient Philology",53,0.9624818577648767,0.6248185776487664,0.7237495051164932,0.0,10
1,92,Lyric Craft and Poetic Form,51,0.5986666666666667,0.000784313725490196,0.7190380114836036,0.5101214574898786,10
1,93,Political Science Research Methods Workshops,60,0.4801694915254237,0.4406779661016949,0.47848331718793774,0.31117021276595747,10
1,94,Ancient Mediterranean Archaeology and Medieval Worlds,154,0.44106612341906465,0.24276377217553688,0.39624741117534146,0.24771588564692013,10
1,95,China Reform and Global Development History,62,0.5502908514013749,0.1718667371760973,0.35915568927350344,0.0008503401360544217,10
1,96,Western Political Philosophy From Machiavelli,44,0.4121564482029599,0.0,0.1740463568768023,0.0,10
1,97,International Security and Foreign Policy,112,0.6552123552123551,0.5062741312741312,0.6183354549920336,0.28314606741573034,10
1,98,Modern East Asian History,63,0.8935483870967742,0.4618535586277522,0.6809759542726346,0.2752941176470588,10
1,99,Ottoman Legacies And Modern Middle East,36,0.9023809523809524,0.7873015873015873,0.5465867928367929,0.0,10
1,100,"Asylum, Atrocity Accountability, Border Governance",58,0.6088929219600726,0.308529945553539,0.5109750110722521,0.23255813953488372,10
1,101,Early Modern Europe Global Encounters,40,0.24179487179487177,0.0,0.09943021027624836,0.0,10
1,102,Criminal Justice Doctrine And Clinics,80,0.5834177215189873,0.31075949367088607,0.7885926654337929,0.5344632768361582,10
1,103,Anthropological Theory and Ethnographic Methods,58,0.514821536600121,0.047186932849364795,0.7141233241818018,0.0,10
1,104,Voter Behavior and Democratic Erosion,79,0.6226225251541707,0.39954560207724765,0.7149450390505507,0.36002337814143776,10
1,105,"Federal Courts, Amendments, Democratic Structure",90,0.4890886392009987,0.30586766541822724,0.3921064493611639,0.26873706004140785,10
1,106,Global Urban History of Capitals,50,0.35485714285714287,0.044897959183673466,0.3227801191778387,0.0,10
1,107,"Jurisprudence, Legal History, Rule Of Law",100,0.8940606060606061,0.7414141414141414,0.8280933537122396,0.4873417721518987,10
1,108,"Legal Profession, Drafting, Dispute Resolution",144,0.48417832167832164,0.1488927738927739,0.48388308455147316,0.24752623688155923,10
1,109,"Aesthetics, Imagination, and Literary Philosophy",59,0.4291642314436002,0.0,0.173898435231133,0.0,10
1,110,Fiction and Cross-Genre Prose Workshops,43,0.9813953488372092,0.9534883720930233,0.8589434429685852,0.0,10
1,111,African Slavery and Historical Methods,91,0.7468376068376068,0.3274725274725275,0.7666820937273205,0.6197183098591549,10
1,112,"Migration, Citizenship, and Asian America",86,0.6538714090287276,0.41422708618331056,0.42833889168087325,0.19726775956284154,10
1,113,"Feminist, Queer, and Trans Studies",52,0.43763197586726993,0.10256410256410256,0.25305063359038343,0.017421602787456445,10
1,114,"Black, Latinx, and Indigenous Americas",70,0.31192546583850933,0.09109730848861283,0.21261676951191016,0.08888888888888889,10
1,115,Transnational German Turkish Arabic Writing,41,0.27634146341463417,0.0,0.3244958103577157,0.0022988505747126436,10
1,116,Russian Empire and Soviet Europe,47,0.9174838112858466,0.7585568917668826,0.7853258502648747,0.16194331983805668,10
1,117,Anglo-American Revolutions and Survey Histories,64,0.44965277777777785,0.3333333333333333,0.5108517674974347,0.0636734693877551,10
1,118,Black Feminist And Diasporic Fiction,62,0.36705446853516654,0.08249603384452671,0.29265157891537913,0.1493877551020408,10
1,119,Novel Form From Romance To Modernism,83,0.7216573611519247,0.42051131354687044,0.7979823767299912,0.5240613432046536,10
2,0,"Independent Study, Research, and CPT",275,0.692992700729927,0.3994956867949569,0.6790032456416533,0.33096377306903624,10
2,1,Slavic Central European Language Courses,107,0.39841297831070355,0.0,0.5428462278368442,0.0,10
2,2,European Languages and Linguistics,315,0.7958932362754019,0.4747548276210697,0.5766516062125102,0.1960950764006791,10
2,3,Asian and Middle Eastern Languages,230,0.7459616479969622,0.36214163660527815,0.4286908197265385,0.14429484564123488,10
2,4,African Asian Pacific Language Courses,134,1.0,1.0,0.9907135582863738,0.9253174010455564,10
2,5,Theater and Dance Performance Studies,147,0.9582238374801975,0.9197651663405088,0.9410014035527132,0.8693321744169202,10
2,6,Musicology and Computer Music,127,0.9905511811023622,0.984251968503937,0.9841506308555708,0.9406060606060606,10
2,7,Music Lessons and Performing Ensembles,145,1.0,1.0,1.0,1.0,10
2,8,"Philosophy: Metaphysics, Epistemology, Ethics",212,0.8973844227845837,0.7968344809085218,0.914849472361577,0.8346650998824912,10
2,9,Physical Education Fitness and Sports,104,0.29615384615384616,0.0,0.2975609756097561,0.0,10
2,10,Education Policy and Teacher Preparation,265,0.6571126357918811,0.3728130360205832,0.630923576444609,0.4711128178870114,10
2,11,Pure and Applied Mathematics Courses,141,0.9276899696048633,0.3617021276595745,0.8843628896676821,0.0,10
2,12,Aerospace Engineering and Fluid Mechanics,119,0.44311351659307796,0.0,0.52297001808602,0.0,10
2,13,Structural Engineering and Architectural Design,187,0.33581737680409407,0.0025875452820424355,0.3257263215119023,0.12331096196868009,10
2,14,Psychology and Clinical Psychiatry,138,0.9855918755950492,0.9426637046440284,0.8753445100433452,0.6337525229001708,10
2,15,Neuroscience from Synapses to Cognition,101,0.7836831683168317,0.000594059405940594,0.795101765788059,0.0012044564890093346,10
2,16,Quantum Physics and Materials Chemistry,236,0.6873891092679408,0.457554994590696,0.5898796534753922,0.0,10
2,17,Electrical Engineering Devices and Design,232,0.3692715330646365,0.002910882221227049,0.36229912849648704,0.14234234234234233,10
2,18,Climate Policy and Sustainability Governance,362,0.47631655469001083,0.23798227758987467,0.6256380429045911,0.21173708920187792,10
2,19,Geophysics and Earth System Dynamics,159,0.9750099514369875,0.9379030331979938,0.9173353120849368,0.6509044295684375,10
2,20,Molecular Biology and Bioengineering,380,0.7124302180252743,0.2719344535481183,0.6530452577969912,0.2460200668896321,10
2,21,"Genetic Counseling, Epidemiology, and Bioethics",148,0.47956425813568676,0.0013789299503585218,0.5271348472935916,0.004266750948166877,10
2,22,Biodesign and Organ System Medicine,127,0.2819147606549181,0.07024121984751906,0.42363743027472545,0.11232323232323232,10
2,23,Public Health Equity and Policy,140,0.8503905447070915,0.7384378211716341,0.7716629966039258,0.4551282051282051,10
2,24,Hospital Clerkship Rotations,221,0.934290415466886,0.8770464829288359,0.9116389173481494,0.3931691297208539,10
2,25,"AI Ethics, Design, and Governance",273,0.3210568842921784,0.23669467787114845,0.5284311988510912,0.1347534044902466,10
2,26,"Computer Systems, Algorithms, and Research",184,0.6617248752672843,0.434663815633167,0.6598504198211436,0.5120689655172413,10
2,27,Comparative Religious Studies And Theology,144,0.9039432789432791,0.6935703185703186,0.8558819304912957,0.6980509745127437,10
2,28,Leadership and Social-Impact Organizations,150,0.5139149888143177,0.0005369127516778523,0.5872694336150919,0.001142857142857143,10
2,29,"Entrepreneurship, Venture Growth And Go-To-Market",178,0.8734336316892021,0.8074652447152924,0.8296463372003494,0.6913681738109219,10
2,30,Financial Economics and Corporate Finance,301,0.5419047619047619,0.24914728682170542,0.6130331539578979,0.2347719620446893,10
2,31,PWR Seminars on Media Rhetoric,351,0.6528302808302808,0.5150508750508751,0.5023035537809328,0.28678638434736,10
2,32,"Urban Sociology, Housing and Inequality",115,0.3090160183066361,0.08558352402745996,0.06196699932928114,0.0,10
2,33,Cinema History and Documentary Filmmaking,130,0.7677996422182469,0.0,0.751623150316956,0.0,10
2,34,Studio Art Practice,294,0.9108077360637088,0.6597246407095261,0.6190930984495961,0.3404247447091905,10
2,35,Comparative Literature and Fiction Studies,690,0.8330956437601229,0.1405607791169727,0.7859078394091317,0.5711732206694833,10
2,36,International Security and Foreign Policy,267,0.3402973726450959,0.17504435245416913,0.3961543148115757,0.02381635581061693,10
2,37,"Global History, Race, and Empire",754,0.21448282907274527,0.10224002310827424,0.22497626152495642,0.07907076906511615,10
2,38,Ancient Mediterranean Archaeology and Medieval Worlds,154,0.5824887530769883,0.0985485103132162,0.6676893460104774,0.27250793650793653,10
2,39,Constitutional Structure and Electoral Politics,174,0.49869776094611656,0.1651053086173676,0.4327490859667879,0.14896247240618102,10
2,40,Legal Theory and Comparative Law,100,0.9183434343434345,0.8090909090909091,0.9129843197400355,0.7015822784810126,10
2,41,"Legal Profession, Drafting, Dispute Resolution",144,0.7906565656565657,0.4428904428904429,0.5843168960641256,0.4160419790104948,10
3,0,European Language Sequences,422,0.5567527102025194,0.00040526392813319676,0.6308272331588756,0.07415501165501165,10
3,1,Asian African Language Sequences,364,0.8819392728483638,0.1369085459994551,0.8138472134251629,0.5877192982456141,10
3,2,Music and Performing Arts,493,0.4700184699615758,0.0,0.33828387730409504,0.0,10
3,3,Computer Science and AI,812,0.5782051593544429,0.419344845808556,0.5718481641160424,0.3266676447574335,10
3,4,Earth and Climate Systems,542,0.8845352667944424,0.4834289378013928,0.7029743811690055,0.3222029766487041,10
3,5,Engineering and Applied Physics,933,0.49406754711599943,0.2704552668258284,0.4405790045826105,0.17665299266772183,10
3,6,Clinical Medicine Training,666,0.6269398722030302,0.31667005351215877,0.6378007454142768,0.37360248662194623,10
3,7,Molecular Biology and Bioengineering,380,0.8210567976669907,0.6228301624774337,0.7863866726306326,0.6174757281553398,10
3,8,Business and Finance,647,0.6464271871605554,0.0015551653021088042,0.4630668565493027,0.0,10
3,9,Visual and Film Arts,485,0.7220490755729744,0.40275198091505493,0.5773726374880199,0.002491440227289284,10
3,10,PWR Seminars on Media Rhetoric,351,0.5281123321123322,0.00017908017908017907,0.418791290076263,0.0006014585369521089,10
3,11,Comparative Literature and Fiction Studies,690,0.9149736017332408,0.8479459834669022,0.8813692317083653,0.570726356841079,10
3,12,Law and Politics,1012,0.49060473135431204,0.2869326733989358,0.47772274493234057,0.24809612983770288,10
3,13,Global History and Empire,914,0.570439146680216,0.419273273719505,0.5055909317681093,0.4508429945507077,10
